Data,Aperto,Alto,Basso,Chiusura*,Chiusura aggiustata**,Volume
14 set 2023,"2,7150","2,8230","2,6970","2,7080","2,7080",154.082
13 set 2023,"2,7470","2,7770","2,6400","2,6800","2,6800",191.712
12 set 2023,"2,6200","2,7820","2,6040","2,7430","2,7430",202.189
11 set 2023,"2,6100","2,6390","2,5410","2,6080","2,6080",110.879
08 set 2023,"2,5790","2,6590","2,5720","2,6050","2,6050",101.228
07 set 2023,"2,5160","2,6140","2,5000","2,5790","2,5790",140.334
06 set 2023,"2,5840","2,6140","2,5030","2,5100","2,5100",116.663
05 set 2023,"2,7000","2,7080","2,5660","2,5820","2,5820",178.329
01 set 2023,"2,7650","2,8600","2,7350","2,7650","2,7650",127.248
31 ago 2023,"2,8030","2,8650","2,7080","2,7680","2,7680",176.016
30 ago 2023,"2,6800","2,8130","2,6470","2,7960","2,7960",146.876
29 ago 2023,"2,5790","2,5990","2,5150","2,5560","2,5560",145.380
28 ago 2023,"2,6350","2,6950","2,5440","2,5790","2,5790",58.220
25 ago 2023,"2,5170","2,5550","2,4680","2,5400","2,5400",31.329
24 ago 2023,"2,4840","2,5650","2,4250","2,5190","2,5190",76.080
23 ago 2023,"2,5600","2,5900","2,4730","2,4970","2,4970",93.844
22 ago 2023,"2,6180","2,6360","2,5400","2,5600","2,5600",111.965
21 ago 2023,"2,5600","2,6600","2,5550","2,6320","2,6320",102.634
18 ago 2023,"2,6230","2,6360","2,5240","2,5510","2,5510",128.027
17 ago 2023,"2,6050","2,6700","2,5750","2,6210","2,6210",119.544
16 ago 2023,"2,6640","2,6740","2,5680","2,5920","2,5920",142.515
15 ago 2023,"2,8100","2,8630","2,6470","2,6590","2,6590",158.887
14 ago 2023,"2,7760","2,8270","2,7490","2,7950","2,7950",93.502
11 ago 2023,"2,7800","2,8330","2,7010","2,7700","2,7700",163.958
10 ago 2023,"2,9740","2,9980","2,7470","2,7630","2,7630",230.514
09 ago 2023,"2,7970","3,0180","2,7710","2,9590","2,9590",312.252
08 ago 2023,"2,7350","2,8010","2,6920","2,7770","2,7770",186.795
07 ago 2023,"2,5790","2,7540","2,5710","2,7250","2,7250",228.905
04 ago 2023,"2,5560","2,6190","2,5290","2,5770","2,5770",104.012
03 ago 2023,"2,4840","2,5860","2,4740","2,5650","2,5650",139.151
02 ago 2023,"2,5780","2,5810","2,4570","2,4770","2,4770",147.612
01 ago 2023,"2,6440","2,6750","2,5310","2,5600","2,5600",135.522
31 lug 2023,"2,6590","2,6930","2,6050","2,6340","2,6340",97.877
28 lug 2023,"2,6020","2,6850","2,5640","2,6380","2,6380",136.505
27 lug 2023,"2,6270","2,6500","2,4630","2,4920","2,4920",166.760
26 lug 2023,"2,7200","2,7390","2,6250","2,6650","2,6650",37.310
25 lug 2023,"2,7030","2,7540","2,6560","2,7300","2,7300",35.545
24 lug 2023,"2,7210","2,7670","2,6640","2,6850","2,6850",54.167
21 lug 2023,"2,7440","2,7860","2,6870","2,7130","2,7130",94.148
20 lug 2023,"2,6290","2,7890","2,6170","2,7570","2,7570",165.848
19 lug 2023,"2,6200","2,6570","2,5840","2,6030","2,6030",102.069
18 lug 2023,"2,5370","2,6470","2,5290","2,6290","2,6290",134.874
17 lug 2023,"2,5480","2,5800","2,4840","2,5120","2,5120",110.913
14 lug 2023,"2,5580","2,6060","2,4920","2,5390","2,5390",134.591
13 lug 2023,"2,6590","2,6660","2,5390","2,5450","2,5450",148.019
12 lug 2023,"2,7390","2,7500","2,6180","2,6320","2,6320",149.633
11 lug 2023,"2,6670","2,7480","2,6300","2,7310","2,7310",130.580
10 lug 2023,"2,5700","2,6920","2,5700","2,6690","2,6690",124.495
07 lug 2023,"2,6350","2,6750","2,5360","2,5820","2,5820",103.593
06 lug 2023,"2,6520","2,6870","2,5860","2,6090","2,6090",109.301
05 lug 2023,"2,6990","2,7930","2,6480","2,6570","2,6570",124.912
03 lug 2023,"2,7290","2,7460","2,6700","2,7090","2,7090",79.618
30 giu 2023,"2,6770","2,8280","2,6340","2,7980","2,7980",147.265
29 giu 2023,"2,6620","2,7460","2,6160","2,7010","2,7010",118.610
28 giu 2023,"2,7880","2,8390","2,5930","2,6030","2,6030",137.907
27 giu 2023,"2,7770","2,8090","2,7240","2,7630","2,7630",71.154
26 giu 2023,"2,7580","2,8160","2,7200","2,7910","2,7910",31.600
23 giu 2023,"2,6120","2,7400","2,5200","2,7290","2,7290",84.433
22 giu 2023,"2,5900","2,6320","2,5290","2,6080","2,6080",109.156
21 giu 2023,"2,4870","2,6020","2,4480","2,5970","2,5970",125.413
20 giu 2023,"2,6290","2,6960","2,4840","2,4920","2,4920",198.217
16 giu 2023,"2,5520","2,6530","2,5220","2,6320","2,6320",194.535
15 giu 2023,"2,3460","2,5680","2,3150","2,5330","2,5330",260.280
14 giu 2023,"2,3320","2,3900","2,2940","2,3420","2,3420",141.175
13 giu 2023,"2,2840","2,3700","2,2750","2,3400","2,3400",179.755
12 giu 2023,"2,3040","2,3240","2,2060","2,2660","2,2660",174.479
09 giu 2023,"2,3200","2,3380","2,2500","2,2540","2,2540",169.479
08 giu 2023,"2,3340","2,3800","2,2770","2,3520","2,3520",217.008
07 giu 2023,"2,2640","2,3460","2,2500","2,3290","2,3290",182.391
06 giu 2023,"2,2720","2,2910","2,1730","2,2620","2,2620",147.732
05 giu 2023,"2,2140","2,3170","2,1840","2,2450","2,2450",149.918
02 giu 2023,"2,1630","2,2330","2,1380","2,1720","2,1720",155.169
01 giu 2023,"2,2550","2,2830","2,1360","2,1580","2,1580",210.624
31 mag 2023,"2,3200","2,4100","2,2470","2,2660","2,2660",151.831
30 mag 2023,"2,4170","2,4480","2,2570","2,3270","2,3270",183.534
26 mag 2023,"2,2920","2,2980","2,1430","2,1810","2,1810",140.560
25 mag 2023,"2,4130","2,4410","2,2580","2,3070","2,3070",48.663
24 mag 2023,"2,3470","2,4150","2,3170","2,3980","2,3980",33.040
23 mag 2023,"2,4000","2,4070","2,3180","2,3210","2,3210",58.742
22 mag 2023,"2,5680","2,5690","2,3670","2,4000","2,4000",114.478
19 mag 2023,"2,6150","2,6850","2,5570","2,5850","2,5850",162.128
18 mag 2023,"2,3800","2,6340","2,3520","2,5920","2,5920",186.293
17 mag 2023,"2,3620","2,4350","2,3220","2,3650","2,3650",139.262
16 mag 2023,"2,3730","2,4700","2,3410","2,3760","2,3760",135.427
15 mag 2023,"2,2650","2,3840","2,2500","2,3750","2,3750",142.753
12 mag 2023,"2,1910","2,3350","2,1470","2,2660","2,2660",159.351
11 mag 2023,"2,1820","2,2550","2,1650","2,1900","2,1900",119.033
10 mag 2023,"2,2620","2,2650","2,1600","2,1910","2,1910",126.485
09 mag 2023,"2,2490","2,2970","2,1840","2,2670","2,2670",134.534
08 mag 2023,"2,1480","2,2550","2,1400","2,2380","2,2380",125.345
05 mag 2023,"2,0860","2,1670","2,0310","2,1370","2,1370",120.689
04 mag 2023,"2,1570","2,1890","2,0810","2,1010","2,1010",113.278
03 mag 2023,"2,2240","2,2410","2,1030","2,1700","2,1700",130.327
02 mag 2023,"2,3140","2,3450","2,1860","2,2140","2,2140",127.225
01 mag 2023,"2,3980","2,4100","2,2900","2,3180","2,3180",108.993
28 apr 2023,"2,3580","2,5290","2,2850","2,4100","2,4100",176.420
27 apr 2023,"2,3140","2,3760","2,2680","2,3550","2,3550",105.218
26 apr 2023,"2,2390","2,2740","2,1010","2,1170","2,1170",149.625
25 apr 2023,"2,2620","2,3120","2,1700","2,3070","2,3070",66.131
24 apr 2023,"2,2200","2,2860","2,1810","2,2730","2,2730",56.324
21 apr 2023,"2,1920","2,2740","2,1640","2,2330","2,2330",82.961
20 apr 2023,"2,1790","2,2710","2,1400","2,2490","2,2490",115.594
19 apr 2023,"2,3730","2,3830","2,1770","2,2220","2,2220",147.565
18 apr 2023,"2,2900","2,3850","2,2290","2,3660","2,3660",120.611
17 apr 2023,"2,1500","2,3140","2,1460","2,2750","2,2750",191.441
14 apr 2023,"2,0150","2,1320","1,9460","2,1140","2,1140",226.788
13 apr 2023,"2,0840","2,1300","1,9950","2,0070","2,0070",224.382
12 apr 2023,"2,2210","2,2290","2,0690","2,0930","2,0930",247.319
11 apr 2023,"2,1820","2,2470","2,1260","2,1860","2,1860",220.673
10 apr 2023,"2,0190","2,2230","2,0110","2,1720","2,1720",256.800
06 apr 2023,"2,1410","2,1810","1,9920","2,0110","2,0110",-
05 apr 2023,"2,0960","2,1970","2,0650","2,1550","2,1550",147.112
04 apr 2023,"2,1140","2,1660","2,0760","2,1060","2,1060",149.115
03 apr 2023,"2,0850","2,1600","2,0150","2,0970","2,0970",173.583
31 mar 2023,"2,1070","2,2410","2,0740","2,2160","2,2160",164.651
30 mar 2023,"2,1830","2,1900","2,0800","2,1040","2,1040",153.725
29 mar 2023,"2,0240","2,0830","1,9440","1,9910","1,9910",155.175
28 mar 2023,"2,0890","2,1220","1,9980","2,0300","2,0300",62.598
27 mar 2023,"2,1300","2,1430","2,0590","2,0880","2,0880",39.811
24 mar 2023,"2,1530","2,2380","2,1410","2,2160","2,2160",55.636
23 mar 2023,"2,2150","2,2610","2,1360","2,1540","2,1540",87.692
22 mar 2023,"2,3220","2,3260","2,1520","2,1710","2,1710",121.562
21 mar 2023,"2,2460","2,3580","2,1270","2,3480","2,3480",138.551
20 mar 2023,"2,3470","2,4270","2,2110","2,2230","2,2230",110.519
17 mar 2023,"2,5270","2,5340","2,3270","2,3380","2,3380",118.455
16 mar 2023,"2,4830","2,5540","2,4290","2,5140","2,5140",114.147
15 mar 2023,"2,5770","2,5950","2,3840","2,4390","2,4390",132.196
14 mar 2023,"2,6240","2,6740","2,5300","2,5730","2,5730",93.916
13 mar 2023,"2,4260","2,6330","2,3910","2,6060","2,6060",146.573
10 mar 2023,"2,4940","2,5620","2,4250","2,4300","2,4300",127.165
09 mar 2023,"2,5900","2,6440","2,4650","2,5430","2,5430",138.147
08 mar 2023,"2,6620","2,6940","2,5190","2,5510","2,5510",132.610
07 mar 2023,"2,6030","2,6980","2,5060","2,6870","2,6870",149.484
06 mar 2023,"2,8300","2,8300","2,5320","2,5720","2,5720",246.373
03 mar 2023,"2,7890","3,0270","2,7720","3,0090","3,0090",185.066
02 mar 2023,"2,8110","2,8630","2,7100","2,7650","2,7650",134.243
01 mar 2023,"2,7690","2,8390","2,6640","2,8110","2,8110",157.116
28 feb 2023,"2,7230","2,7880","2,5680","2,7470","2,7470",160.843
27 feb 2023,"2,6500","2,7400","2,5540","2,7310","2,7310",238.896
24 feb 2023,"2,3450","2,5770","2,3070","2,4510","2,4510",168.130
23 feb 2023,"2,1610","2,3770","2,0950","2,3140","2,3140",57.085
22 feb 2023,"2,0660","2,3020","1,9670","2,1740","2,1740",57.853
21 feb 2023,"2,2250","2,2950","2,0570","2,0730","2,0730",108.507
17 feb 2023,"2,3910","2,4200","2,2200","2,2750","2,2750",133.999
16 feb 2023,"2,4640","2,5590","2,3580","2,3890","2,3890",141.459
15 feb 2023,"2,6030","2,6070","2,4460","2,4710","2,4710",147.505
14 feb 2023,"2,4270","2,6230","2,4150","2,5670","2,5670",169.804
13 feb 2023,"2,5800","2,6100","2,3760","2,4050","2,4050",251.399
10 feb 2023,"2,4640","2,5890","2,4100","2,5140","2,5140",230.687
09 feb 2023,"2,4110","2,5290","2,3500","2,4300","2,4300",227.981
08 feb 2023,"2,5990","2,6570","2,3670","2,3960","2,3960",204.605
07 feb 2023,"2,4990","2,6150","2,4230","2,5840","2,5840",228.475
06 feb 2023,"2,4220","2,5000","2,3650","2,4570","2,4570",138.819
03 feb 2023,"2,4570","2,5150","2,3410","2,4100","2,4100",145.394
02 feb 2023,"2,5040","2,5970","2,4310","2,4560","2,4560",160.777
01 feb 2023,"2,7300","2,7800","2,4630","2,4680","2,4680",210.664
31 gen 2023,"2,6850","2,7530","2,6140","2,6840","2,6840",145.544
30 gen 2023,"2,7200","2,7730","2,6120","2,6770","2,6770",167.291
27 gen 2023,"2,8760","3,1760","2,8320","3,1090","3,1090",128.689
26 gen 2023,"3,0030","3,0030","2,7610","2,9440","2,9440",47.669
25 gen 2023,"3,2420","3,2510","2,9920","3,0670","3,0670",40.750
24 gen 2023,"3,4500","3,5950","3,2240","3,2580","3,2580",62.585
23 gen 2023,"3,4500","3,5640","3,2430","3,4470","3,4470",130.377
20 gen 2023,"3,2030","3,3890","3,0910","3,1740","3,1740",106.735
19 gen 2023,"3,2930","3,3960","3,1860","3,2750","3,2750",99.670
18 gen 2023,"3,6280","3,6440","3,2740","3,3110","3,3110",119.853
17 gen 2023,"3,5570","3,7890","3,5210","3,5860","3,5860",143.310
13 gen 2023,"3,6770","3,7600","3,3840","3,4190","3,4190",112.096
12 gen 2023,"3,6940","3,9460","3,6070","3,6950","3,6950",123.743
11 gen 2023,"3,5750","3,7770","3,4220","3,6710","3,6710",133.203
10 gen 2023,"3,9110","3,9110","3,5460","3,6390","3,6390",112.231
09 gen 2023,"3,8100","4,1280","3,7810","3,9100","3,9100",130.276
06 gen 2023,"3,7640","3,8390","3,5200","3,7100","3,7100",105.050
05 gen 2023,"4,1550","4,1750","3,6510","3,7200","3,7200",116.682
04 gen 2023,"4,0080","4,2190","3,9000","4,1720","4,1720",99.759
03 gen 2023,"4,3930","4,3940","3,8940","3,9880","3,9880",116.837
30 dic 2022,"4,5580","4,6150","4,3780","4,4750","4,4750",62.281
29 dic 2022,"4,7670","4,7900","4,4220","4,5590","4,5590",78.441
28 dic 2022,"5,1830","5,1830","4,5880","4,7090","4,7090",115.022
27 dic 2022,"5,2830","5,3670","5,0810","5,2820","5,2820",41.154
23 dic 2022,"5,0930","5,2450","4,8250","5,0790","5,0790",42.105
22 dic 2022,"5,4650","5,6530","4,9750","4,9990","4,9990",66.757
21 dic 2022,"5,3890","5,6090","5,2650","5,3320","5,3320",89.444
20 dic 2022,"5,8320","5,9060","5,2560","5,3260","5,3260",123.996
19 dic 2022,"6,1540","6,2750","5,7650","5,8510","5,8510",121.279
16 dic 2022,"6,8880","6,8880","6,2190","6,6000","6,6000",116.642
15 dic 2022,"6,3710","7,0360","6,3580","6,9700","6,9700",139.782
14 dic 2022,"6,9510","6,9610","6,3370","6,4300","6,4300",139.039
13 dic 2022,"6,5340","7,1050","6,4990","6,9350","6,9350",168.109
12 dic 2022,"6,9500","7,0580","6,4870","6,5870","6,5870",171.431
09 dic 2022,"5,9300","6,3910","5,7940","6,2450","6,2450",160.027
08 dic 2022,"5,8140","6,1640","5,7700","5,9620","5,9620",154.504
07 dic 2022,"5,3880","5,8500","5,3830","5,7230","5,7230",172.964
06 dic 2022,"5,6420","5,6740","5,3370","5,4690","5,4690",131.231
05 dic 2022,"5,9000","6,0520","5,5560","5,5770","5,5770",167.674
02 dic 2022,"6,8290","6,8390","6,2210","6,2810","6,2810",115.609
01 dic 2022,"6,9660","7,2130","6,7080","6,7380","6,7380",94.563
30 nov 2022,"7,2640","7,3050","6,8060","6,9300","6,9300",107.306
29 nov 2022,"7,3190","7,4210","7,0920","7,2350","7,2350",101.680
28 nov 2022,"6,8700","6,9800","6,5000","6,7120","6,7120",105.914
25 nov 2022,"7,3320","7,4000","6,8000","7,0240","7,0240",35.506
23 nov 2022,"6,9000","7,6040","6,8870","7,3080","7,3080",59.054
22 nov 2022,"6,7030","6,9760","6,4570","6,7790","6,7790",73.116
21 nov 2022,"6,3330","6,8370","6,1450","6,7760","6,7760",107.821
18 nov 2022,"6,3830","6,4750","6,0450","6,3030","6,3030",102.563
17 nov 2022,"6,2050","6,5470","6,1620","6,3690","6,3690",106.768
16 nov 2022,"6,1380","6,2500","5,7270","6,2000","6,2000",112.921
15 nov 2022,"6,0650","6,2030","5,8410","6,0340","6,0340",76.925
14 nov 2022,"6,1190","6,4160","5,8900","5,9330","5,9330",110.910
11 nov 2022,"6,1650","6,5050","5,7750","5,8790","5,8790",110.492
10 nov 2022,"5,9500","6,2620","5,7640","6,2390","6,2390",101.637
09 nov 2022,"6,1900","6,3500","5,7150","5,8650","5,8650",134.654
08 nov 2022,"6,6870","6,8230","6,0620","6,1380","6,1380",146.540
07 nov 2022,"6,9800","7,2210","6,5660","6,9440","6,9440",171.262
04 nov 2022,"5,9350","6,5100","5,8930","6,4000","6,4000",117.251
03 nov 2022,"6,2020","6,2180","5,8740","5,9750","5,9750",98.527
02 nov 2022,"5,8290","6,3030","5,7870","6,2680","6,2680",104.854
01 nov 2022,"6,2700","6,3090","5,6140","5,7140","5,7140",136.649
31 ott 2022,"5,8320","6,4000","5,8230","6,3550","6,3550",128.751
28 ott 2022,"5,8480","5,8900","5,5470","5,6840","5,6840",84.706
27 ott 2022,"5,7030","5,7030","4,9480","5,1860","5,1860",118.808
26 ott 2022,"5,7290","5,7480","5,3470","5,6060","5,6060",36.778
25 ott 2022,"5,1870","5,7400","5,1190","5,6130","5,6130",39.947
24 ott 2022,"4,9700","5,2590","4,7500","5,1990","5,1990",69.672
21 ott 2022,"5,3220","5,3750","4,9030","4,9590","4,9590",101.734
20 ott 2022,"5,4560","5,5650","5,2530","5,3580","5,3580",104.216
19 ott 2022,"5,6860","5,7840","5,4270","5,4620","5,4620",107.157
18 ott 2022,"5,9780","6,0950","5,6730","5,7450","5,7450",102.085
17 ott 2022,"6,2630","6,3140","5,9120","5,9990","5,9990",132.424
14 ott 2022,"6,6840","6,7420","6,4090","6,4530","6,4530",96.729
13 ott 2022,"6,4390","6,7770","6,3370","6,7410","6,7410",131.392
12 ott 2022,"6,6010","6,8030","6,3990","6,4350","6,4350",112.382
11 ott 2022,"6,5120","6,6710","6,3620","6,5960","6,5960",106.885
10 ott 2022,"6,6470","6,9010","6,4110","6,4350","6,4350",114.235
07 ott 2022,"6,8560","6,9260","6,6000","6,7480","6,7480",124.707
06 ott 2022,"6,9210","7,1880","6,8560","6,9720","6,9720",109.938
05 ott 2022,"6,8300","7,0220","6,6270","6,9300","6,9300",80.869
04 ott 2022,"6,5260","6,8860","6,3100","6,8370","6,8370",121.681
03 ott 2022,"6,8000","6,8290","6,3050","6,4700","6,4700",104.483
30 set 2022,"6,8950","7,0440","6,7050","6,7660","6,7660",97.372
29 set 2022,"7,0290","7,1390","6,5990","6,8740","6,8740",85.719
28 set 2022,"6,6660","6,9010","6,4560","6,8680","6,8680",98.396
27 set 2022,"6,9360","7,1200","6,6170","6,6510","6,6510",36.366
26 set 2022,"6,8440","6,9700","6,5260","6,9030","6,9030",24.604
23 set 2022,"7,1820","7,2820","6,7370","6,8280","6,8280",73.669
22 set 2022,"7,7310","7,7760","7,0610","7,0890","7,0890",136.340
21 set 2022,"7,7350","8,1230","7,5600","7,7790","7,7790",98.568
20 set 2022,"7,8640","7,9850","7,6470","7,7170","7,7170",80.107
19 set 2022,"7,7370","7,9230","7,4040","7,7520","7,7520",87.547
16 set 2022,"8,2980","8,3190","7,7170","7,7640","7,7640",96.572
15 set 2022,"9,0730","9,1170","8,2040","8,3240","8,3240",127.214
14 set 2022,"8,3910","9,2380","8,3250","9,1140","9,1140",137.213
13 set 2022,"8,3810","8,4560","8,1550","8,2840","8,2840",108.829
12 set 2022,"8,0260","8,4060","7,8550","8,2490","8,2490",106.172
09 set 2022,"7,9750","8,2050","7,8880","7,9960","7,9960",90.496
08 set 2022,"7,8410","8,0640","7,7720","7,9150","7,9150",105.989
07 set 2022,"8,0390","8,2990","7,7510","7,8420","7,8420",127.189
06 set 2022,"9,0280","9,1260","7,8230","8,1450","8,1450",149.360
02 set 2022,"9,1900","9,2400","8,6190","8,7860","8,7860",103.166
01 set 2022,"9,1330","9,3940","9,0100","9,2620","9,2620",94.244
31 ago 2022,"9,0820","9,2840","8,8140","9,1270","9,1270",86.294
30 ago 2022,"9,2620","9,3000","8,8650","9,0420","9,0420",76.599
29 ago 2022,"9,6700","9,6820","9,0340","9,3530","9,3530",89.284
26 ago 2022,"9,3720","9,6680","9,1860","9,2960","9,2960",33.977
25 ago 2022,"9,2390","9,4190","9,1750","9,3750","9,3750",25.827
24 ago 2022,"9,2500","9,4550","9,1000","9,3300","9,3300",50.496
23 ago 2022,"9,8170","10,0280","9,0500","9,1930","9,1930",118.634
22 ago 2022,"9,1740","9,9820","9,1580","9,6800","9,6800",92.412
19 ago 2022,"9,2010","9,3950","8,8700","9,3360","9,3360",69.809
18 ago 2022,"9,1660","9,6630","8,9130","9,1880","9,1880",112.102
17 ago 2022,"9,3620","9,6770","9,1210","9,2440","9,2440",88.675
16 ago 2022,"8,8090","9,4110","8,7850","9,3290","9,3290",104.087
15 ago 2022,"8,6790","8,9360","8,4030","8,7280","8,7280",80.221
12 ago 2022,"8,7170","8,9190","8,5160","8,7680","8,7680",68.126
11 ago 2022,"8,2220","8,9940","8,1780","8,8740","8,8740",141.751
10 ago 2022,"7,8580","8,2670","7,7050","8,2020","8,2020",111.811
09 ago 2022,"7,6660","7,8890","7,6230","7,8330","7,8330",88.511
08 ago 2022,"7,8760","7,9170","7,5320","7,5890","7,5890",117.789
05 ago 2022,"8,1510","8,2480","7,8980","8,0640","8,0640",111.704
04 ago 2022,"8,2810","8,4500","7,8250","8,1220","8,1220",102.540
03 ago 2022,"7,6710","8,4800","7,5500","8,2660","8,2660",134.210
02 ago 2022,"8,2280","8,2330","7,6250","7,7060","7,7060",106.080
01 ago 2022,"7,9100","8,2980","7,7530","8,2830","8,2830",104.021
29 lug 2022,"8,1550","8,3880","8,0100","8,2290","8,2290",77.774
28 lug 2022,"8,5800","8,8450","8,1030","8,1340","8,1340",89.237
27 lug 2022,"8,8810","9,1380","8,4870","8,6870","8,6870",105.217
26 lug 2022,"8,8140","9,7520","8,7500","8,9930","8,9930",38.204
25 lug 2022,"8,3900","8,8740","8,3470","8,7270","8,7270",33.164
22 lug 2022,"7,8920","8,4170","7,7500","8,2990","8,2990",52.813
21 lug 2022,"7,8730","8,1760","7,6060","7,9320","7,9320",96.422
20 lug 2022,"7,3120","8,0400","7,1740","8,0070","8,0070",120.860
19 lug 2022,"7,4320","7,5410","7,1090","7,2640","7,2640",96.160
18 lug 2022,"7,1680","7,5540","7,0780","7,4790","7,4790",91.133
15 lug 2022,"6,6690","7,1440","6,4200","7,0160","7,0160",105.875
14 lug 2022,"6,5980","6,8980","6,5370","6,6000","6,6000",121.044
13 lug 2022,"6,2520","6,7980","6,2010","6,6890","6,6890",116.805
12 lug 2022,"6,5250","6,7860","6,0140","6,1630","6,1630",132.046
11 lug 2022,"6,4460","6,6890","6,2320","6,4260","6,4260",109.392
08 lug 2022,"6,1880","6,3050","6,0120","6,0340","6,0340",107.326
07 lug 2022,"5,5390","6,3810","5,4880","6,2970","6,2970",127.670
06 lug 2022,"5,4600","5,7370","5,3800","5,5100","5,5100",73.506
05 lug 2022,"5,7120","5,9070","5,3250","5,5230","5,5230",110.174
01 lug 2022,"5,7010","5,9500","5,5900","5,7300","5,7300",106.967
30 giu 2022,"6,4280","6,6020","5,3570","5,4240","5,4240",182.579
29 giu 2022,"6,6320","6,8330","6,4050","6,4980","6,4980",82.205
28 giu 2022,"6,4490","6,7650","6,3860","6,5510","6,5510",90.792
27 giu 2022,"6,1260","6,5380","6,0100","6,5010","6,5010",33.103
24 giu 2022,"6,2280","6,3370","6,0210","6,2200","6,2200",26.571
23 giu 2022,"6,8290","6,8400","6,1750","6,2390","6,2390",78.031
22 giu 2022,"6,8440","6,9300","6,5750","6,8580","6,8580",92.473
21 giu 2022,"6,8000","6,9760","6,5540","6,8080","6,8080",120.010
17 giu 2022,"7,4540","7,5880","6,8810","6,9440","6,9440",103.759
16 giu 2022,"7,5400","8,0270","7,3300","7,4640","7,4640",137.433
15 giu 2022,"7,2690","7,6980","7,2010","7,4200","7,4200",123.589
14 giu 2022,"8,6860","8,8890","7,0080","7,1890","7,1890",273.717
13 giu 2022,"8,9200","8,9500","8,3820","8,6090","8,6090",167.556
10 giu 2022,"8,9970","9,1490","8,6220","8,8500","8,8500",134.611
09 giu 2022,"8,6290","9,0360","8,0160","8,9630","8,9630",244.480
08 giu 2022,"9,3350","9,6640","8,4270","8,6990","8,6990",250.296
07 giu 2022,"9,3590","9,5440","9,2000","9,2930","9,2930",140.029
06 giu 2022,"8,7500","9,4000","8,7320","9,3220","9,3220",129.103
03 giu 2022,"8,4120","8,6930","8,2670","8,5230","8,5230",75.228
02 giu 2022,"8,7830","9,0570","8,3770","8,4850","8,4850",119.011
01 giu 2022,"8,2710","8,7910","8,1460","8,6960","8,6960",111.962
31 mag 2022,"8,8740","8,9160","8,1180","8,1450","8,1450",125.484
27 mag 2022,"8,8110","8,8950","8,2850","8,7270","8,7270",107.093
26 mag 2022,"8,9840","9,4010","8,7850","8,9080","8,9080",163.265
25 mag 2022,"8,8310","9,3990","8,7650","8,9710","8,9710",37.393
24 mag 2022,"8,7270","8,9300","8,6050","8,7960","8,7960",31.660
23 mag 2022,"8,0790","8,8220","7,8510","8,7440","8,7440",65.546
20 mag 2022,"8,1120","8,1890","7,8370","8,0830","8,0830",85.458
19 mag 2022,"8,2400","8,5000","7,9050","8,3080","8,3080",90.577
18 mag 2022,"8,3180","8,5480","8,1600","8,3680","8,3680",80.717
17 mag 2022,"8,0160","8,3720","8,0150","8,3040","8,3040",76.666
16 mag 2022,"7,7000","8,1830","7,6630","7,9560","7,9560",93.521
13 mag 2022,"7,6730","7,9190","7,5150","7,6630","7,6630",85.042
12 mag 2022,"7,6370","7,7900","7,2550","7,7390","7,7390",107.056
11 mag 2022,"7,3120","7,7210","7,2960","7,6400","7,6400",120.930
10 mag 2022,"7,0300","7,4630","6,4300","7,3850","7,3850",185.464
09 mag 2022,"7,8430","8,2870","6,9620","7,0260","7,0260",202.616
06 mag 2022,"8,8430","8,9960","7,9570","8,0430","8,0430",168.297
05 mag 2022,"8,3550","8,9130","8,1170","8,7830","8,7830",160.163
04 mag 2022,"7,8150","8,4740","7,7290","8,4150","8,4150",132.317
03 mag 2022,"7,5400","8,1690","7,5390","7,9540","7,9540",153.339
02 mag 2022,"7,4120","7,6170","7,2190","7,4750","7,4750",110.917
29 apr 2022,"6,9390","7,3350","6,8050","7,2440","7,2440",109.239
28 apr 2022,"7,3950","7,4220","6,8790","6,8880","6,8880",139.569
27 apr 2022,"6,8580","7,3440","6,8000","7,2670","7,2670",155.327
26 apr 2022,"6,8360","7,0500","6,6620","6,8500","6,8500",41.407
25 apr 2022,"6,4140","6,9660","6,3450","6,6690","6,6690",32.516
22 apr 2022,"6,9380","7,0800","6,4380","6,5340","6,5340",80.599
21 apr 2022,"6,8250","7,1460","6,7030","6,9570","6,9570",145.263
20 apr 2022,"7,2530","7,4100","6,7910","6,9370","6,9370",157.958
19 apr 2022,"7,7760","7,9390","6,9540","7,1760","7,1760",236.995
18 apr 2022,"7,3670","8,0650","7,3650","7,8200","7,8200",191.084
14 apr 2022,"7,0460","7,3460","6,9500","7,3000","7,3000",214.218
13 apr 2022,"6,7040","7,0910","6,6520","6,9970","6,9970",210.551
12 apr 2022,"6,7050","6,9470","6,6000","6,6800","6,6800",234.248
11 apr 2022,"6,3940","6,7220","6,2470","6,6430","6,6430",177.957
08 apr 2022,"6,4110","6,5380","6,2570","6,2780","6,2780",188.342
07 apr 2022,"6,1160","6,4400","6,0000","6,3590","6,3590",199.510
06 apr 2022,"6,0780","6,3940","6,0000","6,0290","6,0290",166.720
05 apr 2022,"5,7820","6,2010","5,7710","6,0320","6,0320",158.216
04 apr 2022,"5,7450","5,8570","5,6500","5,7120","5,7120",137.180
01 apr 2022,"5,6270","5,7780","5,5050","5,7200","5,7200",178.521
31 mar 2022,"5,5750","5,8320","5,4540","5,6420","5,6420",159.717
30 mar 2022,"5,3290","5,6240","5,2700","5,6050","5,6050",117.845
29 mar 2022,"5,4530","5,4910","5,2550","5,3360","5,3360",111.300
28 mar 2022,"5,5510","5,6520","5,4190","5,5080","5,5080",33.907
25 mar 2022,"5,4010","5,5770","5,3450","5,5710","5,5710",29.472
24 mar 2022,"5,1150","5,4640","5,0630","5,4010","5,4010",84.230
23 mar 2022,"5,1470","5,3300","5,0920","5,2320","5,2320",74.535
22 mar 2022,"4,9480","5,2040","4,8770","5,1870","5,1870",122.753
21 mar 2022,"4,9090","4,9760","4,7480","4,9000","4,9000",75.457
18 mar 2022,"4,9300","4,9570","4,8110","4,8630","4,8630",67.268
17 mar 2022,"4,7470","5,0010","4,6910","4,9900","4,9900",93.844
16 mar 2022,"4,6250","4,7760","4,5940","4,7480","4,7480",80.521
15 mar 2022,"4,6790","4,6820","4,4590","4,5680","4,5680",86.943
